symbol,date,time,expirationDate,mid,bid,ask,strike,days,typo,oi,iv_traded,delta_bs,gamma_bs,theta_bs,volume,prem_ivalue,moneyness,iv_bs,vanna_bs,merton,gex,vex
MA230421C00337500,2023-04-07,10:00:00,2023-04-21,22.25,21.7,22.8,337.5,14,c,1,0.3148070861445778,0.9775460259298541,0.004615706501454042,-0.05811288306398055,1,0.05467608459537132,-0.06401481481481497,0.16200863997030623,1.393301732615662e-22,23.500783260748616,0.0005952248986152072,1.0071276627631954e-26
MA230421C00340000,2023-04-07,10:00:00,2023-04-21,19.775,19.45,20.1,340.0,14,c,216,0.2876125404984628,0.9716820011126615,0.0060369211851707405,-0.06105359060970983,8,0.0796760845953699,-0.056191176470588244,0.15072341137936052,2.2110517329927557e-20,21.260713045550645,0.16815591993121842,3.452168639323306e-22
MA230421C00342500,2023-04-07,10:00:00,2023-04-21,17.674999999999997,17.15,18.2,342.5,14,c,7,0.2841589807984934,0.9150049857701958,0.011965883430775648,-0.10588948613374072,2,0.4796760845953685,-0.04848175182481751,0.18326114534555651,8.69099949713221e-11,19.068095812776573,0.010801540836222553,4.397512802868335e-14
MA230421C00345000,2023-04-07,10:00:00,2023-04-21,15.475,15.1,15.85,345.0,14,c,645,0.2745466525998656,0.8771317739008744,0.01550570432939935,-0.12792250041358422,2,0.779676084595371,-0.040884057971014576,0.18498274085046112,7.249575123432562e-08,16.935418251065673,1.2897160875617306,3.379960437906345e-09
MA230421C00347500,2023-04-07,10:00:00,2023-04-21,13.375,13.2,13.55,347.5,14,c,39,0.2614879027775495,0.8312505609894494,0.01912674148840665,-0.14994288355322993,1,1.1796760845953713,-0.0333956834532374,0.18577267239932532,1.4669354983568675e-05,14.878885460887846,0.09619411408153847,4.135375714155514e-08
MA230421C00350000,2023-04-07,10:00:00,2023-04-21,11.4,11.2,11.6,350.0,14,c,561,0.2518981947714178,0.7769587456818883,0.022618255677286925,-0.17072550467341152,3,1.7046760845953717,-0.026014285714285768,0.18619130838419995,0.0009167132530090847,12.918182810421257,1.636307324629076,3.717369394372005e-05
MA230421C00352500,2023-04-07,10:00:00,2023-04-21,9.575,9.4,9.75,352.5,14,c,103,0.2480313815425775,0.7147008428260548,0.025697505741106852,-0.18870762237253302,1,2.3796760845953706,-0.018737588652482318,0.18656202711598413,0.019025622847458026,11.07535885246747,0.3413273591363188,0.000141649633680229
MA230421C00355000,2023-04-07,10:00:00,2023-04-21,7.9,7.75,8.05,355.0,14,c,1430,0.2383592985915763,0.6464459862524752,0.02817641488128686,-0.20140263554377746,126,3.2046760845953717,-0.011563380281690128,0.18624087532246858,0.12814162350842045,9.372798480774563,5.19594655133555,0.013245416135997317
MA230421C00357500,2023-04-07,10:00:00,2023-04-21,6.325,6.15,6.5,357.5,14,c,227,0.2328525203490848,0.5742819860802939,0.03022514302841728,-0.205286341201381,12,4.1296760845953715,-0.004489510489510629,0.183091951965729,0.25007027524095776,7.830546712391337,0.8847837260481975,0.004103243375580772
MA230421C00360000,2023-04-07,10:00:00,2023-04-21,4.949999999999999,4.85,5.05,360.0,14,c,722,0.2237257011314098,0.49750292359584947,0.031200414287724243,-0.20287470144821018,8,5.254676084595371,0.002486111111111078,0.1805146151610628,-0.02872310834813926,6.463511784488247,2.9049620449384808,-0.001499021913858855
MA230421C00362500,2023-04-07,10:00:00,2023-04-21,3.775,3.65,3.9,362.5,14,c,188,0.2199955443328149,0.41928162425857174,0.030964088280072133,-0.1934275012949893,7,6.579676084595372,0.00936551724137924,0.17816812104387486,-0.27660085051804456,5.279201889208585,0.7506872684962753,-0.003758812895795773
MA230421C00365000,2023-04-07,10:00:00,2023-04-21,2.775,2.67,2.88,365.0,14,c,809,0.2120300361935106,0.34200866836400223,0.029616410346378075,-0.17633479858645984,9,8.079676084595372,0.016150684931506842,0.17507181381636527,-0.11225553444986615,4.276561008739478,3.0897535828447293,-0.006564408984754754
MA230421C00367500,2023-04-07,10:00:00,2023-04-21,2.005,1.91,2.1,367.5,14,c,608,0.2108410233077908,0.2709119097435986,0.026936392161225342,-0.15563925194929884,1,9.80967608459537,0.02284353741496592,0.1736092854589574,-0.011867820756392384,3.44618463954402,2.1119610753434626,-0.0005215715636331029
MA230421C00370000,2023-04-07,10:00:00,2023-04-21,1.42,1.32,1.52,370.0,14,c,2083,0.206036014162617,0.2086001992812725,0.0234368635809723,-0.13261134519820783,1,11.724676084595371,0.02944594594594585,0.1729471820468642,-0.00039979785163963313,2.7718207336313454,6.2955208444655995,-6.019619962176291e-05
MA230421C00372500,2023-04-07,10:00:00,2023-04-21,0.965,0.88,1.05,372.5,14,c,198,0.2064593904928706,0.1545464415375397,0.01957357301574092,-0.10751410981938403,74,13.769676084595371,0.035959731543624085,0.17156320253973673,-3.994563055146792e-06,2.232736097945328,0.49977923119938095,-5.717074070493444e-08
MA230421C00375000,2023-04-07,10:00:00,2023-04-21,0.6100000000000001,0.55,0.67,375.0,14,c,1679,0.1988161410500103,0.1078400437651339,0.015541310413036413,-0.08106756911636726,3,15.91467608459537,0.04238666666666657,0.16842241754071766,-8.16360471441748e-09,1.8063642182962543,3.364970298112177,-9.907680922793099e-10
MA230421C00377500,2023-04-07,10:00:00,2023-04-21,0.39,0.34,0.44,377.5,14,c,119,0.1993197429393036,0.07437162149799836,0.011838666469365933,-0.06034304664233958,9,18.194676084595372,0.04872847682119197,0.1677561399263948,-7.884637209383951e-12,1.4706809905118532,0.18167394667814815,-6.782159893767616e-14
MA230421C00380000,2023-04-07,10:00:00,2023-04-21,0.25,0.22,0.28,380.0,14,c,2867,0.1976312890308991,0.050706474261365264,0.008750162856785426,-0.04420736860416527,9,20.55467608459537,0.054986842105263056,0.16830413329093802,-4.077427356079001e-15,1.2059347037612134,3.2350927262986837,-8.4499331476994375e-16
MA230421C00385000,2023-04-07,10:00:00,2023-04-21,0.105,0.07,0.14,385.0,14,c,10519,0.2008475576261091,0.02331455347803907,0.004529687584464703,-0.023134473351500665,333,25.40967608459537,0.06725974025974024,0.17181731753077484,-3.65902050335077e-22,0.8265958190779168,6.144486702896579,-2.7821378576057485e-22
MA230421C00390000,2023-04-07,10:00:00,2023-04-21,0.185,0.05,0.32,390.0,14,c,2151,0.2538944739882751,0.03126813853385063,0.004566498933711305,-0.037565281247394416,5,30.48967608459537,0.07921794871794863,0.2177375669694539,-1.4718006706310392e-19,0.5757877014397921,1.2666793049859826,-2.288383220148305e-20
MA230421C00395000,2023-04-07,10:00:00,2023-04-21,0.13,0.01,0.25,395.0,14,c,1256,0.2687102343916996,0.021639607304016484,0.003146145156618374,-0.029016773839822596,1,35.434676084595374,0.09087341772151891,0.23230174981710044,-5.464495146058476e-23,0.40267807849674037,0.5095787389636741,-4.961112000599876e-24
MA230421C00400000,2023-04-07,10:00:00,2023-04-21,0.125,0.02,0.23,400.0,14,c,1805,0.2970982260488098,0.019139885960577085,0.002564604028310047,-0.028709097238239598,1,40.42967608459537,0.10223749999999998,0.2568185420612159,-3.491648430936057e-24,0.28056341274399527,0.5969534005088709,-4.555615508273419e-25
MA230421P00290000,2023-04-07,10:00:00,2023-04-21,0.09,0.01,0.17,290.0,14,p,382,0.5135982267108622,-0.008059937435802439,0.0006733679507042734,-0.02314820931299548,7,69.78532391540463,-0.23829310344827603,0.4626829100023234,9.705324331136744e-33,0.022884145417408158,-0.033171011060569834,-2.6798640564390984e-34
MA230421P00295000,2023-04-07,10:00:00,2023-04-21,0.135,0.01,0.26,295.0,14,p,200,0.5057673907169782,-0.011836085580653466,0.0009611982323964874,-0.03207299855798697,2,64.83032391540463,-0.2173050847457627,0.4534022779791131,5.212488837106719e-29,0.03733264565371512,-0.02479053294428852,-7.53554176644756e-31
MA230421P00305000,2023-04-07,10:00:00,2023-04-21,0.095,0.06,0.13,305.0,14,p,285,0.4114878259077689,-0.010462135500073633,0.0010638148129071823,-0.023218499992664565,5,54.79032391540463,-0.17739344262295087,0.36798661243788366,4.1597180265335114e-30,0.09607694428059267,-0.03909793294443428,-8.569354317074489e-32
MA230421P00310000,2023-04-07,10:00:00,2023-04-21,0.125,0.09,0.16,310.0,14,p,1022,0.3842079822013148,-0.014057110841748238,0.001449526891295072,-0.028641866687583714,15,49.82032391540463,-0.1584032258064516,0.3488660931525016,3.015913626751481e-27,0.15134238974120187,-0.19103813805435702,-2.2279689964229117e-28
MA230421P00315000,2023-04-07,10:00:00,2023-04-21,0.175,0.14,0.21,315.0,14,p,362,0.3634013907615165,-0.019828448200846782,0.002042125712142795,-0.036929504261397156,22,44.870323915404626,-0.14001587301587315,0.33235512371166764,5.733723576440084e-24,0.23492667737256526,-0.0953309559848351,-1.50032266459177e-25
MA230421P00320000,2023-04-07,10:00:00,2023-04-21,0.25,0.21,0.29,320.0,14,p,657,0.3492770845528211,-0.02839176923337544,0.0029000533263712214,-0.047947198621269255,19,39.94532391540463,-0.12220312499999997,0.31647770847181617,1.3074631094879748e-20,0.35846469263626096,-0.24570514891536396,-6.209178731732167e-22
MA230421P00322500,2023-04-07,10:00:00,2023-04-21,0.29,0.25,0.33,322.5,14,p,26,0.3347496277817858,-0.03325195230214628,0.0034106424756652487,-0.053131811480349594,3,37.48532391540463,-0.11350387596899236,0.3067111666327019,3.7564231449601785e-19,0.4396193275914086,-0.011435428649964453,-7.059715560391067e-22
MA230421P00325000,2023-04-07,10:00:00,2023-04-21,0.35,0.31,0.39,325.0,14,p,593,0.3237441614027628,-0.04006492221525215,0.004075205280451577,-0.060558066650903075,26,35.04532391540463,-0.10493846153846165,0.29898252896997474,1.8544730891357822e-17,0.5363934752735802,-0.31163561719823096,-7.94903806396988e-19
MA230421P00327500,2023-04-07,10:00:00,2023-04-21,0.425,0.38,0.47,327.5,14,p,136,0.3153781888557204,-0.04845584916633727,0.00487220909672903,-0.06908210487757066,25,32.620323915404626,-0.0965038167938932,0.2915076772815987,9.296004520602975e-16,0.6510458779880751,-0.08544914682114009,-9.138492975302136e-18
MA230421P00330000,2023-04-07,10:00:00,2023-04-21,0.515,0.47,0.56,330.0,14,p,1300,0.3095980183187001,-0.05848491748458584,0.0058089959897866805,-0.07833358025204279,15,30.21032391540463,-0.08819696969696977,0.28381122479372883,4.1693870950670856e-14,0.7860927720703426,-0.9738393813350125,-3.917914172133401e-15
MA230421P00332500,2023-04-07,10:00:00,2023-04-21,0.625,0.57,0.68,332.5,14,p,207,0.2980446961396674,-0.07061125772673815,0.006912814427550984,-0.0884841106351123,25,27.82032391540463,-0.08001503759398498,0.2760988887350621,1.7358467363638402e-12,0.944456902753527,-0.18453049559284881,-2.5972937497755596e-14
MA230421P00335000,2023-04-07,10:00:00,2023-04-21,0.7649999999999999,0.71,0.82,335.0,14,p,574,0.2874096518422078,-0.08563200730572484,0.008217956410927485,-0.10001214094849664,17,25.46032391540463,-0.07195522388059716,0.26885754924011335,7.143545227208277e-11,1.1297521141088844,-0.6083011393742488,-2.9639101827130623e-12
MA230421P00337500,2023-04-07,10:00:00,2023-04-21,0.95,0.89,1.01,337.5,14,p,113,0.2811806112990139,-0.10458811183158834,0.009748783150742568,-0.11347344041725294,2,23.145323915404628,-0.06401481481481497,0.26262265089578696,2.9669192270089683e-09,1.3467485862619069,-0.14205998281270016,-2.4233911313937514e-11
MA230421P00340000,2023-04-07,10:00:00,2023-04-21,1.1949999999999998,1.14,1.25,340.0,14,p,895,0.275559196909887,-0.12831827324816247,0.01149492624863413,-0.12889838172152301,63,20.89032391540463,-0.056191176470588244,0.25752127676709413,1.1409893056786065e-07,1.602027702180348,-1.3266981655691374,-7.381488660070989e-09
MA230421P00342500,2023-04-07,10:00:00,2023-04-21,1.44,1.36,1.52,342.5,14,p,106,0.2627061164008251,-0.15334542355727176,0.013415474615641187,-0.14071222194145605,3,18.63532391540463,-0.04848175182481751,0.2490269352945194,2.3833110569001233e-06,1.9047598005226605,-0.18338120039438527,-1.826105820782578e-08
MA230421P00345000,2023-04-07,10:00:00,2023-04-21,1.79,1.71,1.87,345.0,14,p,872,0.2565422951702774,-0.1857288091173359,0.015532914559024391,-0.15540791666373832,21,16.485323915404628,-0.040884057971014576,0.24323902634303063,5.041838133171417e-05,2.2674315699281733,-1.7466759578136524,-3.177932959953476e-06
MA230421P00347500,2023-04-07,10:00:00,2023-04-21,2.22,2.13,2.31,347.5,14,p,181,0.2491541050954087,-0.22366898732315565,0.017765637765343456,-0.16929150108720092,1,14.41532391540463,-0.0333956834532374,0.2375613004946524,0.0007546532713264816,2.706248110866749,-0.41466968017198536,-9.87336930168519e-06
MA230421P00350000,2023-04-07,10:00:00,2023-04-21,2.755,2.66,2.85,350.0,14,p,615,0.2402644949832491,-0.26788541050171144,0.020006398435690187,-0.18194765544835345,1,12.450323915404628,-0.026014285714285768,0.23243302968373944,0.00758693915186099,3.2408947915165647,-1.58667118093936,-0.00033727260303734766
MA230421P00352500,2023-04-07,10:00:00,2023-04-21,3.425,3.3,3.55,352.5,14,p,256,0.2374539817924661,-0.3186390731918287,0.02207568091883161,-0.19277179130655986,80,10.62032391540463,-0.018737588652482318,0.22831288455347123,0.04644931270007264,3.8934201646791795,-0.7287808925360101,-0.00085952518253763
MA230421P00355000,2023-04-07,10:00:00,2023-04-21,4.225,4.1,4.35,355.0,14,p,1067,0.2269996299998276,-0.3746998070796703,0.023866576048803267,-0.19961220678218794,1,8.920323915404628,-0.011563380281690128,0.22426607753560973,0.14897987562139206,4.686209124102677,-3.2839568514300246,-0.01149030017685469
MA230421P00357500,2023-04-07,10:00:00,2023-04-21,5.175,5.05,5.3,357.5,14,p,272,0.2225071447075685,-0.43535246439376785,0.025205569089692403,-0.20171080096793226,26,7.3703239154046285,-0.004489510489510629,0.22052027022756893,0.19826537966490393,5.639306686835856,-0.8841140973614913,-0.0038981194023683893
MA230421P00360000,2023-04-07,10:00:00,2023-04-21,6.325,6.2,6.45,360.0,14,p,684,0.2141317252538337,-0.4991399413202924,0.025785198536354415,-0.19970199276009915,5,6.020323915404629,0.002486111111111078,0.21842848315264035,-0.012075314615475702,6.7676210900491665,-2.274413819626941,0.0005970269067476701
MA230421P00362500,2023-04-07,10:00:00,2023-04-21,7.65,7.5,7.8,362.5,14,p,160,0.21013812887298,-0.5635243284710434,0.025638695593244165,-0.19224696671976815,2,4.845323915404629,0.00936551724137924,0.21687524522860002,-0.2229805729428533,8.07866052588591,-0.5290038257088473,0.002578851635795457
MA230421P00365000,2023-04-07,10:00:00,2023-04-21,9.175,9.0,9.35,365.0,14,p,568,0.2013674393469799,-0.6257481832700584,0.02466944438950236,-0.1807919244727394,1,3.8703239154046294,0.016150684931506842,0.2168450364853924,-0.161112291305475,9.571368976533202,-1.8069686098137505,0.0066147945144377305
MA230421P00367500,2023-04-07,10:00:00,2023-04-21,10.925,10.75,11.1,367.5,14,p,174,0.1988531884782921,-0.6819209659845171,0.022904182088723246,-0.16814041702902927,3,3.1203239154046294,0.02284353741496592,0.2198272171241814,-0.04897115375372814,11.236341938454148,-0.513933514961445,0.0006159265598743111
MA230421P00370000,2023-04-07,10:00:00,2023-04-21,12.775,12.3,13.25,370.0,14,p,641,0.1869903190684151,-0.7335863476864546,0.020907548936577314,-0.15093736528640633,3,2.470323915404629,0.02944594594594585,0.22170473874873317,-0.007600129792497546,13.057327363657876,-1.7282400119387642,0.00035214245393188075
MA230421P00372500,2023-04-07,10:00:00,2023-04-21,14.85,14.35,15.35,372.5,14,p,49,0.1772600450114152,-0.7740172437046944,0.018543854576336116,-0.13820563483152348,1,2.0453239154046283,0.035959731543624085,0.2287977255758357,-0.000910951019242782,15.013592059088268,-0.11717608861746882,3.2264909690301502e-06
MA230421P00375000,2023-04-07,10:00:00,2023-04-21,17.1,16.5,17.7,375.0,14,p,531,0.1663926445881851,-0.8030676958320271,0.016244153684397133,-0.13121873838236553,9,1.79532391540463,0.04238666666666657,0.24092770620363807,-0.00012286031396018055,17.082569510555594,-1.1123322139203664,4.715692626419482e-06
MA230428C00340000,2023-04-07,10:00:00,2023-04-28,22.15,21.85,22.45,340.0,21,c,5,0.325644505935917,0.8243238560527999,0.01133726392765766,-0.16982316296702393,1,2.159150319399167,-0.056191176470588244,0.2624499079089105,0.000801435211184592,22.391350986929446,0.007310063767906439,2.896528268795009e-07
MA230428C00345000,2023-04-07,10:00:00,2023-04-28,18.2,17.9,18.5,345.0,21,c,2,0.3094538270051667,0.7611975556381267,0.013783144119372537,-0.19396184257237792,1,3.2091503193991677,-0.040884057971014576,0.2591051798426503,0.014065675463454894,18.311616423801528,0.003554849320886351,2.033433322170795e-06
MA230428C00350000,2023-04-07,10:00:00,2023-04-28,14.6,14.3,14.9,350.0,21,c,12,0.303012606825533,0.686354985623705,0.0159617322204042,-0.21326215115831992,1,4.609150319399168,-0.026014285714285768,0.25596433808527386,0.09681336775787713,14.550013842138062,0.024700410495217293,8.397614257854699e-05
MA230428C00355000,2023-04-07,10:00:00,2023-04-28,11.325,11.05,11.6,355.0,21,c,25,0.2894096524180298,0.6027080448901323,0.017730879182664694,-0.22268189282251072,1,6.334150319399168,-0.011563380281690128,0.25065626938996743,0.21864072375599847,11.204528472388485,0.05716275916013833,0.00039510307772288797
MA230428C00360000,2023-04-07,10:00:00,2023-04-28,8.45,8.15,8.75,360.0,21,c,73,0.2800377645044334,0.5114353662420967,0.018801901369158713,-0.2210161254449794,5,8.459150319399168,0.002486111111111078,0.2444565680942407,0.024019827647385365,8.36245393433835,0.17699766390854213,0.00012674536740970297
MA230428C00365000,2023-04-07,10:00:00,2023-04-28,5.975,5.75,6.2,365.0,21,c,232,0.2695752219843073,0.41533921902230375,0.01901286356797982,-0.2061976531400216,3,10.984150319399168,0.016150684931506842,0.23639779414553647,-0.25942783107629197,6.071036583145598,0.5688246664661963,-0.004350547326535331
MA230428C00370000,2023-04-07,10:00:00,2023-04-28,4.05,3.8,4.3,370.0,21,c,484,0.2586803180948561,0.32085727815354126,0.01791234880421655,-0.1821120405047485,3,14.05915031939917,0.02944594594594585,0.23039892793941996,-0.12977506154382387,4.319160871594562,1.1179974252769747,-0.004540210125150188
MA230428C00375000,2023-04-07,10:00:00,2023-04-28,2.625,2.42,2.83,375.0,21,c,109,0.2536677286796421,0.23515625432801723,0.015694528765486382,-0.1512840201825485,25,17.63415031939917,0.04238666666666657,0.22580404105601865,-0.014937463542608614,3.0412476228670253,0.22060618404647014,-0.0001176908512240842
MA230428C00380000,2023-04-07,10:00:00,2023-04-28,1.705,1.59,1.82,380.0,21,c,113,0.2545273538824693,0.16749643917693957,0.012788236822824928,-0.12183249812908548,110,21.714150319399167,0.054986842105263056,0.2259593400566264,-0.0006000031054844134,2.140113908085809,0.18635112456233785,-4.900848635860897e-06
MA230428C00385000,2023-04-07,10:00:00,2023-04-28,1.02,0.95,1.09,385.0,21,c,77,0.2485929656981982,0.11133899125388425,0.009799134277344024,-0.08986460681258412,100,26.029150319399168,0.06725974025974024,0.22315035470767022,-6.443542815433993e-06,1.5148232586805495,0.09730190389665896,-3.5863675103946714e-08
MA230428C00390000,2023-04-07,10:00:00,2023-04-28,0.6000000000000001,0.55,0.65,390.0,21,c,46,0.2489779036144958,0.07154782704291152,0.007080183227481385,-0.06360252431217084,7,30.60915031939917,0.07921794871794863,0.22233753411687188,-2.7711960727635905e-08,1.0803816744129828,0.04199960759022415,-9.214344265168404e-11
MA230428C00395000,2023-04-07,10:00:00,2023-04-28,0.345,0.26,0.43,395.0,21,c,21,0.2485196039383212,0.044463085225635024,0.004866428193195382,-0.0431488900695533,5,35.35415031939917,0.09087341772151891,0.222398507995823,-5.220438469270613e-11,0.7747792489751394,0.013178698378462469,-7.924386031587871e-14
MA230428C00400000,2023-04-07,10:00:00,2023-04-28,0.195,0.12,0.27,400.0,21,c,81,0.2479100609837654,0.026897901444702943,0.003210082975546591,-0.028264778008651653,24,40.20415031939917,0.10223749999999998,0.22315902865489268,-4.9905087255389427e-14,0.5566847772425548,0.033530820548967034,-2.9219258180680204e-16
MA230428C00405000,2023-04-07,10:00:00,2023-04-28,0.125,0.05,0.2,405.0,21,c,9,0.2561806302938797,0.017722479656440138,0.0022001317157016587,-0.020145365090687595,6,45.13415031939917,0.11332098765432097,0.22892101614646404,-1.2641071539539817e-16,0.3995154464312967,0.0025534896105405998,-8.223671357592324e-20
MA230428C00410000,2023-04-07,10:00:00,2023-04-28,0.0849999999999999,0.02,0.15,410.0,21,c,29,0.2635130352938743,0.012194281962178005,0.0015453899530892823,-0.014916428359414147,6,50.09415031939917,0.12413414634146336,0.23628406746311556,-5.287079434479962e-19,0.28589527649467217,0.005779349869387036,-1.1082894038117116e-21
MA230428C00415000,2023-04-07,10:00:00,2023-04-28,0.285,0.01,0.56,415.0,21,c,2,0.3358253446494282,0.02877594895540625,0.0024914022822564164,-0.0404206430339184,2,55.294150319399165,0.1346867469879518,0.3041632405915555,-9.478235670154204e-14,0.20391872050958626,0.0006425645436505174,-1.370240646967505e-17
MA230428P00290000,2023-04-07,10:00:00,2023-04-28,0.22,0.14,0.3,290.0,21,p,36,0.455102203189795,-0.016026740256402938,0.001080031707401119,-0.03292427492458869,30,70.21084968060083,-0.23829310344827603,0.4279016543020429,1.5496131215179808e-17,0.054362946851743796,-0.00501397207125603,-4.032414183533863e-20
MA230428P00295000,2023-04-07,10:00:00,2023-04-28,0.28,0.2,0.36,295.0,21,p,1,0.4397634292223774,-0.02049002645751752,0.0013780043278677212,-0.039357506600291275,4,65.27084968060083,-0.2173050847457627,0.41349342146678625,5.536397564692829e-16,0.08446239601567257,-0.00017770247871869545,-4.001903542450428e-20
MA230428P00300000,2023-04-07,10:00:00,2023-04-28,0.36,0.27,0.45,300.0,21,p,53,0.4301599177425103,-0.026380829811903372,0.001763508996055485,-0.04721086253109641,2,60.35084968060083,-0.19701666666666662,0.39967924235491076,2.079893193145594e-14,0.12965444439011334,-0.012053035985245894,-7.968127063425106e-17
MA230428P00305000,2023-04-07,10:00:00,2023-04-28,0.465,0.37,0.56,305.0,21,p,13,0.4089945421591255,-0.03405182764827652,0.0022557368445363934,-0.05652728837546084,1,55.455849680600835,-0.17739344262295087,0.38611698901048186,7.631925912242251e-13,0.19664263410164565,-0.003781592166701743,-7.171612999815489e-16
MA230428P00310000,2023-04-07,10:00:00,2023-04-28,0.6,0.5,0.7,310.0,21,p,30,0.392193946816229,-0.04387844123720508,0.0028753882663767882,-0.06719918841567074,2,50.59084968060083,-0.1584032258064516,0.3724017746320254,2.5534210635417375e-11,0.2945139397027269,-0.01112399167144394,-5.537108569327697e-14
MA230428P00315000,2023-04-07,10:00:00,2023-04-28,0.835,0.76,0.91,315.0,21,p,25,0.389050020560394,-0.05935814370450765,0.0037348897008460114,-0.08394108785861654,7,45.82584968060083,-0.14001587301587315,0.36462547285807106,1.4680184294163169e-09,0.4351546012583876,-0.012040948351161014,-2.6528388200159993e-12
MA230428P00320000,2023-04-07,10:00:00,2023-04-28,1.06,0.98,1.14,320.0,21,p,54,0.3665693032072491,-0.07536895953478284,0.0046852867385815955,-0.09693274731305024,3,41.050849680600834,-0.12220312499999997,0.34962418235665577,3.3424162398787645e-08,0.633542549821957,-0.0326266766411927,-1.3046488635587476e-10
MA230428P00325000,2023-04-07,10:00:00,2023-04-28,1.375,1.28,1.47,325.0,21,p,39,0.3513142348208147,-0.0968567463866199,0.005877071704851744,-0.11258746546435194,8,36.36584968060083,-0.10493846153846165,0.33630837217986836,7.854247201428352e-07,0.9080495859826931,-0.02955755460931814,-2.214157552676465e-09
MA230428P00330000,2023-04-07,10:00:00,2023-04-28,1.7999999999999998,1.68,1.92,330.0,21,p,156,0.3396961014326939,-0.1247758970568058,0.007319074513123525,-0.1299934438485284,4,31.790849680600832,-0.08819696969696977,0.3238431779286516,1.6246540810947078e-05,1.2813671354541816,-0.14723927525520936,-1.831997395492368e-07
MA230428P00335000,2023-04-07,10:00:00,2023-04-28,2.405,2.26,2.55,335.0,21,p,268,0.3241280330416725,-0.1617174752182704,0.009001369405403636,-0.14993917900741094,1,27.395849680600833,-0.07195522388059716,0.3137993497087379,0.00029007464953129895,1.783274083309774,-0.3110901663550624,-5.619321988060163e-06
MA230428P00340000,2023-04-07,10:00:00,2023-04-28,3.225,3.1,3.35,340.0,21,p,153,0.3177903629868887,-0.20825814298377487,0.010837389536888509,-0.17015813283180625,100,23.215849680600833,-0.056191176470588244,0.3050723564387105,0.0036353615551028865,2.4562578492286518,-0.21382526493101942,-4.020484467859943e-05
MA230428P00345000,2023-04-07,10:00:00,2023-04-28,4.275,4.1,4.45,345.0,21,p,152,0.3020944107924005,-0.26411366953449367,0.012728787419646892,-0.18737295199759352,100,19.26584968060083,-0.040884057971014576,0.2961363584156683,0.02737065574229018,3.3625777700794357,-0.24950170948759387,-0.00030072403363271824
MA230428P00350000,2023-04-07,10:00:00,2023-04-28,5.6,5.4,5.8,350.0,21,p,168,0.2935376931861696,-0.3295838522278771,0.014541048560801073,-0.19934583183960886,3,15.590849680600831,-0.026014285714285768,0.28694980068622683,0.11147309469210256,4.58702967239466,-0.3150270966411513,-0.0013536883381359188
MA230428P00355000,2023-04-07,10:00:00,2023-04-28,7.3,7.05,7.55,355.0,21,p,70,0.2795094140021635,-0.4047066362074858,0.01600676780455501,-0.20503314170780484,2,12.290849680600832,-0.011563380281690128,0.27905403070947643,0.19520624555188348,6.227598786623779,-0.14449226176827787,-0.0009877137425879767
MA230428P00360000,2023-04-07,10:00:00,2023-04-28,9.45,9.15,9.75,360.0,21,p,49,0.2700155495658137,-0.4868378228143122,0.0168270580580554,-0.20292962077101961,3,9.44084968060083,0.002486111111111078,0.2731167425864478,0.024113740784824315,8.371578732552335,-0.10632788550327195,-8.540828785332757e-05
MA230428P00365000,2023-04-07,10:00:00,2023-04-28,12.0,11.7,12.3,365.0,21,p,18,0.2601402673336883,-0.5721261812595912,0.016953436130506816,-0.19012256874023237,1,6.990849680600832,0.016150684931506842,0.2667567160472537,-0.2224716168593156,11.06621586533828,-0.03935257395115251,0.00028945860447362185
MA230428P00370000,2023-04-07,10:00:00,2023-04-28,15.075,14.8,15.35,370.0,21,p,5,0.2464928153707579,-0.654867376264967,0.016114007657108687,-0.1702380301955344,1,5.065849680600831,0.02944594594594585,0.26351156983381313,-0.16016705513236537,14.30039463776594,-0.010390022167750142,5.788719991910736e-05
MA230428P00375000,2023-04-07,10:00:00,2023-04-28,18.675,18.35,19.0,375.0,21,p,3,0.236114759141139,-0.7277648152303584,0.01444669713634994,-0.14725560035978802,2,3.6658496806008323,0.04238666666666657,0.2647687067658736,-0.039925285239566136,18.008535873017095,-0.0055889822082055875,8.657821547309434e-06
MA230428P00380000,2023-04-07,10:00:00,2023-04-28,22.975,22.15,23.8,380.0,21,p,23,0.2429357663713012,-0.7771118502038377,0.012231486934410896,-0.13569395253946226,22,2.965849680600833,0.054986842105263056,0.2809189683425351,-0.007500530399267474,22.09345664221458,-0.03627855628765661,1.2469790562543767e-05
MA230428P00385000,2023-04-07,10:00:00,2023-04-28,27.3,25.85,28.75,385.0,21,p,10,0.225584361781801,-0.8211640382441487,0.010344733354372693,-0.11681665475695624,20,2.2908496806008323,0.06725974025974024,0.2908952198601962,-0.0008966227804950317,26.454220476788013,-0.013340195829431785,6.48110588081277e-07
MA230505C00320000,2023-04-07,10:00:00,2023-05-05,41.05,40.25,41.85,320.0,28,c,1,0.3895209941004125,0.9313122104181559,0.004476355286442413,-0.10098560242127519,1,0.7633817501626794,-0.12220312499999997,0.29368165038458827,1.2918211537641517e-06,41.08673554143331,0.0005772546674488465,9.337739190606673e-11
MA230505C00345000,2023-04-07,10:00:00,2023-05-05,19.775,19.45,20.1,345.0,28,c,5,0.310856546041739,0.7317446826556662,0.01230315813671723,-0.18404104750505113,1,4.488381750162681,-0.040884057971014576,0.26719697207824816,0.07599810139203651,19.59643145700796,0.007932854972762495,2.7467054851684216e-05
MA230505C00350000,2023-04-07,10:00:00,2023-05-05,16.225,15.9,16.55,350.0,28,c,4,0.3001850540147147,0.6673289796568227,0.013850253743896701,-0.19456413078669854,4,5.938381750162684,-0.026014285714285768,0.2617174893991881,0.1881596173678819,16.003961003008634,0.007144315504383803,5.440336467833998e-05
MA230505C00355000,2023-04-07,10:00:00,2023-05-05,12.95,12.65,13.25,355.0,28,c,6,0.2885258619157138,0.5959501684153601,0.015170331746361398,-0.19860199177917437,1,7.6633817501626815,-0.011563380281690128,0.254796981881968,0.2391392050276002,12.782863521555635,0.011737868306196417,0.00010371495405335788
MA230505C00360000,2023-04-07,10:00:00,2023-05-05,10.025,9.75,10.3,360.0,28,c,12,0.2786127004622791,0.5181371517212874,0.016065471886150817,-0.19573922077723793,1,9.738381750162683,0.002486111111111078,0.2475803845625415,0.04257058888501252,9.986270581222016,0.02486094522247594,3.692582878431734e-05
MA230505C00365000,2023-04-07,10:00:00,2023-05-05,7.525,7.3,7.75,365.0,28,c,23,0.2690212824264569,0.4364000252917055,0.016301089571513216,-0.18602164533622467,2,12.238381750162683,0.016150684931506842,0.24116885344964678,-0.2503799635000578,7.643347758501141,0.04834898641035559,-0.0004162619894465058
MA230505C00370000,2023-04-07,10:00:00,2023-05-05,5.525,5.25,5.8,370.0,28,c,53,0.2625390040704712,0.35586499259561144,0.015682252216819847,-0.17095890705594918,13,15.238381750162683,0.02944594594594585,0.23717911852791074,-0.2713945333242906,5.750752335340911,0.10718332070991303,-0.001039719795696033
MA230505C00375000,2023-04-07,10:00:00,2023-05-05,3.875,3.65,4.1,375.0,28,c,40,0.2572280690639361,0.2787017702598371,0.01445342591832599,-0.1490683883473758,3,18.588381750162682,0.04238666666666657,0.2319774708979399,-0.11396000087635949,4.273016413355113,0.07455447155635103,-0.0003294972413926057
MA230505C00380000,2023-04-07,10:00:00,2023-05-05,2.665,2.5,2.83,380.0,28,c,53,0.2507763458519003,0.2112053891504928,0.01260251455192929,-0.1253746190604561,21,22.37838175016268,0.054986842105263056,0.22907045221775216,-0.02285627959669437,3.1514530256549635,0.08613427078554557,-8.756302517063088e-05
MA230505C00385000,2023-04-07,10:00:00,2023-05-05,1.765,1.6,1.93,385.0,28,c,201,0.2508880312693466,0.1537574967041433,0.0104616711560368,-0.10042335696673921,42,26.478381750162683,0.06725974025974024,0.2261912745822555,-0.002273587380885914,2.3173057536547477,0.27116899165890096,-3.30329268220226e-05
MA230505C00390000,2023-04-07,10:00:00,2023-05-05,1.16,1.05,1.27,390.0,28,c,129,0.2456161609664101,0.10938846293623294,0.008297433706783153,-0.07824959900024253,42,30.873381750162682,0.07921794871794863,0.22534872525813365,-0.00013277601398841034,1.703886584777118,0.1380309273255662,-1.2380799336313023e-06
MA230505C00395000,2023-04-07,10:00:00,2023-05-05,0.73,0.63,0.83,395.0,28,c,13,0.2457444768590034,0.0745795504207114,0.006286702335378536,-0.05790641286127152,4,35.44338175016268,0.09087341772151891,0.22384449069732934,-4.049946591929191e-06,1.254302361460694,0.01053923659731642,-3.8056776181026294e-09
MA230505C00400000,2023-04-07,10:00:00,2023-05-05,0.46,0.37,0.55,400.0,28,c,6,0.2440916152100164,0.05019253128952794,0.004611604591531204,-0.04210352349080532,1,40.17338175016268,0.10223749999999998,0.22397498832888718,-8.632850081159292e-08,0.9241993921694938,0.0035681755864453765,-3.7440772181776954e-11
MA230505C00405000,2023-04-07,10:00:00,2023-05-05,0.28,0.18,0.38,405.0,28,c,6,0.2448105067481661,0.03259828661218156,0.003252351127858155,-0.029331788661810743,3,44.99338175016268,0.11332098765432097,0.22373308181578794,-1.0724008604842188e-09,0.6809435165957716,0.002516468977909124,-4.6510151256489e-13
MA230505P00290000,2023-04-07,10:00:00,2023-05-05,0.4,0.3,0.5,290.0,28,p,20,0.432219807086111,-0.024881375926191773,0.0014227403716260412,-0.03995784169046118,20,70.68661824983732,-0.23829310344827603,0.40851709211042797,3.387809189556183e-11,0.10078561158694548,-0.0036694295583573067,-4.897656079936236e-14
MA230505P00295000,2023-04-07,10:00:00,2023-05-05,0.5,0.39,0.61,295.0,28,p,6,0.4149009692771607,-0.031113258585416248,0.001767085552328851,-0.04674900682470645,6,65.78661824983732,-0.2173050847457627,0.3962269043271228,3.6361442910663675e-10,0.1510907170649435,-0.0013672619587896176,-1.5770000491379176e-13
MA230505P00300000,2023-04-07,10:00:00,2023-05-05,0.625,0.51,0.74,300.0,28,p,27,0.398755972226473,-0.038874171255509626,0.0021894707535885516,-0.05444231915983844,19,60.91161824983732,-0.19701666666666662,0.38394106507160564,3.7230075634265355e-09,0.22375062978222815,-0.007623349250371405,-7.266027385657438e-12
MA230505P00305000,2023-04-07,10:00:00,2023-05-05,0.8049999999999999,0.72,0.89,305.0,28,p,4,0.3894226858507507,-0.04951249800058122,0.0027319938777914388,-0.06451681707435875,4,56.09161824983732,-0.17739344262295087,0.37397850925310233,4.3872247629227934e-08,0.3273428071096375,-0.0014092323924092705,-1.2684963545417697e-11
MA230505P00310000,2023-04-07,10:00:00,2023-05-05,1.0,0.87,1.13,310.0,28,p,26,0.3780790366381053,-0.06145132636914963,0.0033543774713429286,-0.07392681964300973,1,51.28661824983732,-0.1584032258064516,0.3612524743797392,3.806575979495467e-07,0.47299633100900773,-0.01124677960597683,-7.153971381075573e-10
MA230505P00315000,2023-04-07,10:00:00,2023-05-05,1.315,1.25,1.38,315.0,28,p,3,0.3644993840623005,-0.07893502234265215,0.004157116653136228,-0.08772391055241813,1,46.601618249837315,-0.14001587301587315,0.35344342171690496,4.237431396206363e-06,0.6747494441839764,-0.0016082604066886238,-9.188894863790237e-10
MA230505P00320000,2023-04-07,10:00:00,2023-05-05,1.69,1.55,1.83,320.0,28,p,47,0.3551723203064829,-0.09956652402624,0.005076477769261345,-0.10144834300959649,1,41.976618249837315,-0.12220312499999997,0.34405805444802107,3.648929594234749e-05,0.9498656534472432,-0.030768282241346086,-1.2396602892735542e-07
MA230505P00325000,2023-04-07,10:00:00,2023-05-05,2.1,1.99,2.21,325.0,28,p,37,0.3433034696911414,-0.12279455174473153,0.00612134060329339,-0.11341622786657224,1,37.38661824983732,-0.10493846153846165,0.3315847614758673,0.00023592555461580256,1.3192946596652062,-0.029207283985009967,-6.309806722575203e-07
MA230505P00330000,2023-04-07,10:00:00,2023-05-05,2.66,2.51,2.81,330.0,28,p,48,0.3278098533591154,-0.15260578632263488,0.007330730698029697,-0.12711788846468508,4,32.946618249837314,-0.08819696969696977,0.3211929517301047,0.0014472086841449162,1.8086715218702887,-0.04537654308966701,-5.021248846733838e-06
MA230505P00335000,2023-04-07,10:00:00,2023-05-05,3.375,3.25,3.5,335.0,28,p,101,0.3192236558270006,-0.1889546262543007,0.008671556939177094,-0.14076727407411882,1,28.661618249837318,-0.07195522388059716,0.3113582010721449,0.007436906685712077,2.4502334560182573,-0.11294353019012396,-5.4294151912474576e-05
MA230505P00340000,2023-04-07,10:00:00,2023-05-05,4.325,4.15,4.5,340.0,28,p,219,0.307791533174261,-0.23350101413712743,0.010072593648047246,-0.15455552196172828,42,24.611618249837317,-0.056191176470588244,0.3034943019688876,0.030907610030934746,3.2854179219873205,-0.28446466825883915,-0.0004892703369859193
MA230505P00345000,2023-04-07,10:00:00,2023-05-05,5.425000000000001,5.2,5.65,345.0,28,p,827,0.2960429216268809,-0.28399929282261205,0.011528802934535065,-0.164162539531036,42,20.71161824983732,-0.040884057971014576,0.2934795853290678,0.0917625259875824,4.366634706234233,-1.2295115968845112,-0.005485424189708627
MA230505P00350000,2023-04-07,10:00:00,2023-05-05,6.85,6.6,7.1,350.0,28,p,812,0.2865943741639521,-0.34313274365183055,0.012852258945983408,-0.17155180538101966,2,17.13661824983732,-0.026014285714285768,0.28558359773661446,0.18692361234243737,5.755578879677376,-1.345793419676889,-0.010971336671902738
MA230505P00355000,2023-04-07,10:00:00,2023-05-05,8.7,8.4,9.0,355.0,28,p,42,0.2787406409630042,-0.40971251907606643,0.013807932717213589,-0.17612674803682893,1,13.986618249837317,-0.011563380281690128,0.28097715988147287,0.20938289378883534,7.515896025666842,-0.07478609496990297,-0.0006356672484736774
MA230505P00360000,2023-04-07,10:00:00,2023-05-05,10.75,10.45,11.05,360.0,28,p,17,0.2678398536409064,-0.4804431110873253,0.014572543562962892,-0.1720852286950425,15,11.036618249837318,0.002486111111111078,0.2729127398409907,0.0392697794962582,9.700717712775687,-0.03194678711821533,-4.825549020453546e-05
MA230505P00365000,2023-04-07,10:00:00,2023-05-05,13.25,12.9,13.6,365.0,28,p,77,0.2582874811347262,-0.5542973900965364,0.014760890536535953,-0.16299560437544613,1,8.536618249837318,0.016150684931506842,0.26722283282862347,-0.20882857391796594,12.339209517497277,-0.14657037160270564,0.0011623047044050754
MA230505P00370000,2023-04-07,10:00:00,2023-05-05,16.2,15.85,16.55,370.0,28,p,2,0.2479338452040801,-0.6271172834093619,0.014322447654535608,-0.14902832533963561,2,6.486618249837317,0.02944594594594585,0.2637078658142113,-0.26496520808136137,15.428028721779521,-0.0036939426067957304,3.8305240635505046e-05
MA230505P00380000,2023-04-07,10:00:00,2023-05-05,23.575,22.9,24.25,380.0,28,p,1,0.2373901917174962,-0.7476249865860041,0.011769874248557244,-0.11863316701957416,2,3.861618249837317,0.054986842105263056,0.27063495307309376,-0.05762111593380424,22.7915586669785,-0.0015178006236107686,4.165057607965187e-06
MA230512C00335000,2023-04-07,10:00:00,2023-05-12,28.925,28.25,29.6,335.0,35,c,1,0.3306967818785254,0.8094008548956921,0.008554983530473237,-0.15150976214705025,1,3.3423701773981414,-0.07195522388059716,0.28327620211366256,0.022836744771082197,28.574267285573416,0.0011032198869179771,1.650720504254478e-06
MA230512C00340000,2023-04-07,10:00:00,2023-05-12,24.925,24.3,25.55,340.0,35,c,0,0.3165075368352006,0.7650418402075587,0.009896151524912966,-0.1631740906686261,63,4.342370177398141,-0.056191176470588244,0.2768747548963762,0.06775843114303377,24.562709628010335,0.0,0.0
MA230512C00345000,2023-04-07,10:00:00,2023-05-12,21.05,20.55,21.55,345.0,35,c,0,0.3061863785015442,0.7155028230418026,0.011296225466139731,-0.17099376274525824,47,5.467370177398141,-0.040884057971014576,0.2678624432848563,0.15186117146933895,20.79792940158542,0.0,0.0
MA230512C00360000,2023-04-07,10:00:00,2023-05-12,11.375,11.0,11.75,360.0,35,c,4,0.2740115249193563,0.5234804018128258,0.014304397844000505,-0.17742466067588758,3,10.79237017739814,0.002486111111111078,0.24849994892619973,0.05585394207115721,11.427649215159883,0.007378574659168299,1.614928017885482e-05
MA230512C00365000,2023-04-07,10:00:00,2023-05-12,8.825,8.5,9.15,365.0,35,c,4,0.264378904403704,0.45066022146622586,0.014583397938139342,-0.16986662398013586,1,13.24237017739814,0.016150684931506842,0.2423281513451481,-0.22355271219869155,9.05578926125499,0.007522490051271422,-6.463671587298525e-05
MA230512C00370000,2023-04-07,10:00:00,2023-05-12,6.65,6.35,6.95,370.0,35,c,3,0.2583262088898845,0.3769698158611945,0.014343206551359344,-0.1572076997392653,2,16.06737017739814,0.02944594594594585,0.23640714399659218,-0.34239286229896326,7.07407633532829,0.005548944888064509,-7.424809323388892e-05
MA230512C00380000,2023-04-07,10:00:00,2023-05-12,3.475,3.2,3.75,380.0,35,c,7,0.2460396595983841,0.24014390572453248,0.012228110093381872,-0.12111365681855046,1,22.892370177398142,0.054986842105263056,0.2270665631160748,-0.09883796465939142,4.1774744615478125,0.011038251482860023,-5.001049823355087e-05
MA230512C00385000,2023-04-07,10:00:00,2023-05-12,2.415,2.21,2.62,385.0,35,c,20,0.2413768824416131,0.1827718114377097,0.010574190194567734,-0.10068296785598507,2,26.83237017739814,0.06725974025974024,0.22370627754637348,-0.024577160264018356,3.1759682534320257,0.02727219022490599,-3.553047756222828e-05
MA230512C00390000,2023-04-07,10:00:00,2023-05-12,1.63,1.46,1.8,390.0,35,c,8,0.2377940875003514,0.13454382526751907,0.008760952803221755,-0.08050106830392867,2,31.04737017739814,0.07921794871794863,0.22077905106846363,-0.0038198793980540086,2.4053177675458928,0.009038247544426902,-2.208914907743463e-06
MA230512C00395000,2023-04-07,10:00:00,2023-05-12,1.075,0.93,1.22,395.0,35,c,4,0.2358099067456939,0.09614254860248472,0.006965876360176537,-0.06217485239319509,4,35.49237017739814,0.09087341772151891,0.21858072339512022,-0.0003872442040876139,1.8177093394977026,0.003593177381573972,-1.1196551071509618e-07
MA230512C00400000,2023-04-07,10:00:00,2023-05-12,0.71,0.6,0.82,400.0,35,c,1,0.234360836324827,0.06785412060365537,0.005367551244583879,-0.04727256976027161,1,40.12737017739814,0.10223749999999998,0.21807916693962082,-2.9651092922923396e-05,1.37188908897251,0.0006921800908187966,-2.1432856369005625e-09
MA230512C00405000,2023-04-07,10:00:00,2023-05-12,0.4349999999999999,0.3,0.57,405.0,35,c,5,0.2327451539979883,0.044964081590859184,0.0039259429318594385,-0.03345388665351301,5,44.85237017739814,0.11332098765432097,0.21546362438354727,-1.2052562362957892e-06,1.0343606830652383,0.0025313773556106503,-4.3560087089412224e-10
MA230512P00300000,2023-04-07,10:00:00,2023-05-12,0.925,0.77,1.08,300.0,35,p,2,0.3866563033295569,-0.05057905239980176,0.0024907708207067003,-0.058491351487767296,1,61.50762982260186,-0.19701666666666662,0.3731709510137454,1.7127612631395846e-06,0.34015965843631063,-0.0006424016816328433,-2.4760885706770824e-10
MA230512P00305000,2023-04-07,10:00:00,2023-05-12,1.15,0.99,1.31,305.0,35,p,2,0.3767561511022597,-0.062383803301158114,0.003019158862915816,-0.06713271279232447,1,56.73262982260186,-0.17739344262295087,0.36322490461053103,9.020500440201226e-06,0.4838757045912625,-0.00077867972216871,-1.3040672113769989e-09
MA230512P00310000,2023-04-07,10:00:00,2023-05-12,1.41,1.24,1.58,310.0,35,p,3,0.3611614443377814,-0.07613899756023779,0.0036303905948109616,-0.07581349495017053,3,51.992629822601856,-0.1584032258064516,0.35220835206807727,4.20564141172788e-05,0.680056963426451,-0.0014044863162654922,-9.119958095785961e-09
MA230512P00315000,2023-04-07,10:00:00,2023-05-12,1.77,1.6,1.94,315.0,35,p,3,0.3518368790952966,-0.09409652282157399,0.004363865162559932,-0.08651636435158339,1,47.35262982260186,-0.14001587301587315,0.34342872895823445,0.0002026853274504712,0.9441991208482138,-0.0016882450377663164,-4.3952432269291084e-08
MA230512P00320000,2023-04-07,10:00:00,2023-05-12,2.185,1.97,2.4,320.0,35,p,6,0.3451412905779294,-0.11483686002227156,0.005194985779333194,-0.09678419834924945,5,42.76762982260186,-0.12220312499999997,0.33329983370916166,0.00084043198526315,1.294942752877497,-0.004019560016873182,-3.644963389690946e-07
MA230512P00330000,2023-04-07,10:00:00,2023-05-12,3.3499999999999996,3.15,3.55,330.0,35,p,3,0.3191855119909863,-0.17011033786322738,0.007192070854422639,-0.11829646868599086,2,33.93262982260186,-0.08819696969696977,0.3143035156617871,0.010924418133800538,2.349149436671972,-0.002782390719909421,-2.3689664868544346e-06
MA230512P00335000,2023-04-07,10:00:00,2023-05-12,4.2,3.95,4.45,335.0,35,p,27,0.3138657566887488,-0.20691966593489042,0.008310794026300528,-0.12970725655591497,6,29.78262982260186,-0.07195522388059716,0.30694978376998344,0.03308017587253921,3.1104478590568343,-0.028936712356878204,-6.456110005616357e-05
MA230512P00340000,2023-04-07,10:00:00,2023-05-12,5.275,4.95,5.6,340.0,35,p,14,0.3025579281622229,-0.25015590927770504,0.009435746193275918,-0.14049973623149636,1,25.857629822601858,-0.056191176470588244,0.30079673836626947,0.08282711773919237,4.075669290096232,-0.017035198180982893,-8.381850920667259e-05
MA230512P00345000,2023-04-07,10:00:00,2023-05-12,6.5,6.2,6.8,345.0,35,p,9,0.2956298178277147,-0.2980945738487506,0.010568695110180215,-0.14788070706060186,1,22.08262982260186,-0.040884057971014576,0.2928759399885407,0.16134739171922144,5.287668152273775,-0.01226610796445421,-0.00010496482990016311
MA230512P00350000,2023-04-07,10:00:00,2023-05-12,7.95,7.65,8.25,350.0,35,p,6,0.2840915210283179,-0.351790867215529,0.011637628718474957,-0.1520762735449548,1,18.53262982260186,-0.026014285714285768,0.284676746134304,0.23483102034835904,6.79244200686937,-0.00900448029599828,-0.00010184648929865862
MA230512P00355000,2023-04-07,10:00:00,2023-05-12,9.7,9.35,10.05,355.0,35,p,0,0.2747501242214308,-0.4112658555475157,0.012525694135234744,-0.15296325218728413,3,15.282629822601859,-0.011563380281690128,0.2772671262505256,0.2187342012673767,8.63407511764297,-0.0,-0.0
MA230512P00360000,2023-04-07,10:00:00,2023-05-12,11.8,11.4,12.2,360.0,35,p,14,0.2666625846342941,-0.4752629074110004,0.013112920029811903,-0.15010893502451772,13,12.38262982260186,0.002486111111111078,0.27105020452547324,0.05055447479147486,10.847725231655653,-0.023673929635624504,-5.1159581866539674e-05
MA230512P00365000,2023-04-07,10:00:00,2023-05-12,14.25,13.75,14.75,365.0,35,p,14,0.2571231841126981,-0.5417867732190551,0.01333716676654717,-0.14283292295277406,1,9.83262982260186,0.016150684931506842,0.26550858034350777,-0.18645263716671998,13.452644366353239,-0.024078782365178235,0.00018868436463257633
MA230512P00370000,2023-04-07,10:00:00,2023-05-12,17.125,16.65,17.6,370.0,35,p,1,0.2502970794359126,-0.6078277822346934,0.013080797316433745,-0.13225823305591078,1,7.707629822601859,0.02944594594594585,0.26216073099035797,-0.3096838796223552,16.44771052902901,-0.001686852544464774,2.2385043711528605e-05
MA230512P00380000,2023-04-07,10:00:00,2023-05-12,24.125,23.4,24.85,380.0,35,p,1,0.2383309038100324,-0.7243278164249745,0.011302504603349917,-0.1059719735629372,1,4.707629822601859,0.054986842105263056,0.26364279340792207,-0.15064897981362005,23.504666832453477,-0.0014575303162165003,1.0889439909941116e-05
MA230512P00390000,2023-04-07,10:00:00,2023-05-12,32.45,31.65,33.25,390.0,35,p,1,0.2250315732608291,-0.8065880614118726,0.008848072354794567,-0.0816013885104212,1,3.032629822601862,0.07921794871794863,0.27636898735715854,-0.027010118342454956,31.686068315656506,-0.0011410155668831045,1.95238667407139e-06
MA230519C00305000,2023-04-07,10:00:00,2023-05-19,56.2,55.8,56.6,305.0,42,c,1,0.3863016260905095,0.9576178460285689,0.0024805184750675835,-0.06972189094410908,1,0.32111540145378115,-0.17739344262295087,0.29305596375386816,6.138547265826252e-06,56.22967537769341,0.00031987873522073683,4.4371585966428757e-10
MA230519C00310000,2023-04-07,10:00:00,2023-05-19,51.5,50.95,52.05,310.0,42,c,3,0.3727343462773461,0.942227337406365,0.0032113398162891826,-0.08011049515192781,3,0.6211154014537783,-0.1584032258064516,0.29090231618978807,4.835807151972738e-05,51.50522607573611,0.0012423684755308128,1.0486476203679491e-08
MA230519C00315000,2023-04-07,10:00:00,2023-05-19,46.825,46.4,47.25,315.0,42,c,1,0.3589197265580164,0.9253255258474979,0.004010296876799657,-0.08956079966370822,1,0.9461154014537811,-0.14001587301587315,0.28484622371373186,0.0002532142369498072,46.85898129262448,0.0005171534522738817,1.8303218654503134e-08
MA230519C00325000,2023-04-07,10:00:00,2023-05-19,38.1,37.7,38.5,325.0,42,c,3,0.3367639978260042,0.8679359030463019,0.006065564903678933,-0.11899674795279225,1,2.2211154014537797,-0.10493846153846165,0.2864031334252143,0.007036228939614706,37.8811500138173,0.0023465802604859583,1.5258103770496795e-06
MA230519C00330000,2023-04-07,10:00:00,2023-05-19,33.8,33.45,34.15,330.0,42,c,8,0.3282482989626102,0.8364933155753818,0.007158970447562751,-0.12982659165471233,7,2.9211154014537755,-0.08819696969696977,0.28023041257022896,0.021598927756959655,33.59758874881586,0.007385560511696207,1.2489973777163656e-05
MA230519C00335000,2023-04-07,10:00:00,2023-05-19,29.700000000000003,29.35,30.05,335.0,42,c,14,0.3149288178904837,0.79856857092242,0.008308281032043396,-0.14087024285361238,3,3.821115401453781,-0.07195522388059716,0.275286722571303,0.05741699390203739,29.48873656270116,0.014999684288352248,5.810424126010776e-05
MA230519C00340000,2023-04-07,10:00:00,2023-05-19,25.875,25.4,26.35,340.0,42,c,51,0.3066241799542539,0.753474143879096,0.009423475511027846,-0.15197974605936793,3,4.996115401453778,-0.056191176470588244,0.27240824709405503,0.1268415510694526,25.587225618353994,0.06197609183951806,0.0004675963020681036
MA230519C00345000,2023-04-07,10:00:00,2023-05-19,22.15,21.75,22.55,345.0,42,c,21,0.3010920767833143,0.7050324221761883,0.010550174494028397,-0.15918479009785358,3,6.271115401453777,-0.040884057971014576,0.2662469500191329,0.2182429624198585,21.92810635899317,0.028570763191648703,0.0003312828018321451
MA230519C00350000,2023-04-07,10:00:00,2023-05-19,18.65,18.3,19.0,350.0,42,c,75,0.2872058033797341,0.6510878388514385,0.011601710809827637,-0.16362644623628952,4,7.771115401453777,-0.026014285714285768,0.2597033604967794,0.2878269865383062,18.546663171181383,0.11220861538261578,0.0015603862758874864
MA230519C00355000,2023-04-07,10:00:00,2023-05-19,15.35,15.05,15.65,355.0,42,c,152,0.2773030659285292,0.5921270180379246,0.012564082805255339,-0.16406079595438072,30,9.471115401453778,-0.011563380281690128,0.2517131256557353,0.25633640985811634,15.474962695545075,0.24627327291336384,0.002816392850258121
MA230519C00360000,2023-04-07,10:00:00,2023-05-19,12.425,12.25,12.6,360.0,42,c,193,0.2694265852926607,0.527953923833202,0.013210945262187579,-0.16170859787200875,34,11.546115401453779,0.002486111111111078,0.24541476675570228,0.06735890323380124,12.737647266286203,0.3288017393439472,0.0009397052731707677
MA230519C00365000,2023-04-07,10:00:00,2023-05-19,9.775,9.6,9.95,365.0,42,c,766,0.258611667059387,0.4603048138959842,0.013580339821572807,-0.1546992053349392,60,13.896115401453779,0.016150684931506842,0.23817412508875904,-0.20335864995734598,10.347994453829424,1.3414741590342742,-0.011259802356700916
MA230519C00370000,2023-04-07,10:00:00,2023-05-19,7.55,7.35,7.75,370.0,42,c,187,0.2542890727608318,0.39169395308036314,0.01345004800867855,-0.14461921279314272,7,16.67111540145378,0.02944594594594585,0.2327420644441681,-0.37402421331904845,8.305404200810548,0.32434584975996633,-0.005055692747186373
MA230519C00375000,2023-04-07,10:00:00,2023-05-19,5.65,5.45,5.85,375.0,42,c,296,0.2443004436716932,0.3238497595732248,0.012904731576668382,-0.1305819782134554,138,19.771115401453777,0.04238666666666657,0.22696289386525476,-0.3474011974610997,6.595115994373287,0.4925877311349652,-0.0074329698272504055
MA230519C00380000,2023-04-07,10:00:00,2023-05-19,4.1,3.95,4.25,380.0,42,c,239,0.240736485059209,0.2594542476504813,0.011920875504500827,-0.1137990986607278,51,23.22111540145378,0.054986842105263056,0.22152462166469722,-0.2034070461637904,5.190249121953,0.3674082953084744,-0.0035140120125519174
MA230519C00385000,2023-04-07,10:00:00,2023-05-19,2.875,2.77,2.98,385.0,42,c,322,0.2317558738141113,0.20070668617666598,0.010569802864068834,-0.09535016078382386,14,26.99611540145378,0.06725974025974024,0.21634316187637007,-0.0781460192151381,4.055538440463526,0.4389000832798854,-0.0018188717563310548
MA230519C00390000,2023-04-07,10:00:00,2023-05-19,2.015,1.91,2.12,390.0,42,c,551,0.2314082012598159,0.15248518255190913,0.008980436967398475,-0.07850546458813423,82,31.13611540145378,0.07921794871794863,0.2139490164446946,-0.021607957508634666,3.151723959554935,0.6381047418521127,-0.0008606065828791383
MA230519C00395000,2023-04-07,10:00:00,2023-05-19,1.325,1.23,1.42,395.0,42,c,375,0.2239993452000021,0.10997054427570596,0.0073122098331879215,-0.06080771520183181,20,35.44611540145378,0.09087341772151891,0.20957151884259795,-0.003779864809134056,2.4395679732026196,0.35360859886032386,-0.00010245823791262008
MA230519C00400000,2023-04-07,10:00:00,2023-05-19,0.8700000000000001,0.81,0.93,400.0,42,c,286,0.2232928248694028,0.0779944453207837,0.005735190493627584,-0.046259677718785364,2,39.991115401453776,0.10223749999999998,0.20727601733179687,-0.0004999424351406419,1.8828193538160176,0.21152260422178787,-1.0335354611839308e-05
MA230519C00405000,2023-04-07,10:00:00,2023-05-19,0.5900000000000001,0.53,0.65,405.0,42,c,174,0.2217067282888263,0.05587931379139599,0.004419895378582339,-0.03552328097923885,3,44.71111540145378,0.11332098765432097,0.20774924184370536,-6.1028239541592405e-05,1.449903224662945,0.09917544136164745,-7.675725555715909e-07
MA230519C00410000,2023-04-07,10:00:00,2023-05-19,0.405,0.35,0.46,410.0,42,c,40,0.2268203985703621,0.04008437194747416,0.003362144174179349,-0.027215464099241415,1,49.52611540145378,0.12413414634146336,0.20929259265072606,-6.800783606191827e-06,1.1144872448015328,0.017342800497173582,-1.9663385576659083e-08
MA230519C00415000,2023-04-07,10:00:00,2023-05-19,0.265,0.2,0.33,415.0,42,c,23,0.2235224435700079,0.02760231849035233,0.0024704145534792943,-0.01988712709701823,7,54.38611540145378,0.1346867469879518,0.2095016699593319,-5.343132971376083e-07,0.8552676506728506,0.007327242706698861,-8.883071670156686e-10
MA230519C00420000,2023-04-07,10:00:00,2023-05-19,0.195,0.14,0.25,420.0,42,c,7,0.229293498766191,0.020656490381380788,0.0018965787554336977,-0.01581028550451688,6,59.31611540145378,0.1449880952380952,0.21388889557853344,-6.898683660809084e-08,0.6553390587554737,0.0017120317939284234,-3.4906284060143985e-11
MA230519C00425000,2023-04-07,10:00:00,2023-05-19,0.135,0.08,0.19,425.0,42,c,20,0.2333895944030021,0.01472682254214791,0.0014051335053832936,-0.011896998023431263,4,64.25611540145378,0.15504705882352932,0.21626392863549224,-6.117470015938173e-09,0.5014298015158689,0.0036240191962774405,-8.843846433190726e-12
MA230519P00290000,2023-04-07,10:00:00,2023-05-19,0.7849999999999999,0.72,0.85,290.0,42,p,66,0.3883344942977615,-0.03984890168144961,0.001845844619374759,-0.04473535979823484,1,71.66388459854622,-0.23829310344827603,0.3793986132557235,3.4668952452928085e-06,0.23781297639239507,-0.015710209611751375,-1.6539561931513234e-08
MA230519P00295000,2023-04-07,10:00:00,2023-05-19,0.965,0.91,1.02,295.0,42,p,57,0.3804604052863524,-0.048679195959083765,0.0022232474650163425,-0.051250255071832895,10,66.84388459854623,-0.2173050847457627,0.37015707347896876,1.3393335480312914e-05,0.33852925965250724,-0.016342013525558346,-5.5182700599488226e-08
MA230519P00300000,2023-04-07,10:00:00,2023-05-19,1.185,1.13,1.24,300.0,42,p,171,0.3727503397941056,-0.05933180823718409,0.0026664197561032665,-0.05839548954287954,69,62.063884598546224,-0.19701666666666662,0.36099342912376803,4.947352917781582e-05,0.47620839587066016,-0.058798674108105076,-6.115167395528431e-07
MA230519P00305000,2023-04-07,10:00:00,2023-05-19,1.44,1.38,1.5,305.0,42,p,30,0.3580735737342178,-0.0717181284286772,0.0031759025231892224,-0.06568773266051608,1,57.31888459854622,-0.17739344262295087,0.3511025127292759,0.00016807516448892487,0.6620600440699429,-0.012286588781900962,-3.6447198108874525e-07
MA230519P00310000,2023-04-07,10:00:00,2023-05-19,1.755,1.68,1.83,310.0,42,p,40,0.3470024428636777,-0.08671377574683836,0.0037694148313782705,-0.07363427685519741,3,52.633884598546224,-0.1584032258064516,0.341571365187844,0.0005506313855696201,0.9097586055534772,-0.019443606824991962,-1.5920631903664297e-06
MA230519P00315000,2023-04-07,10:00:00,2023-05-19,2.1500000000000004,2.06,2.24,315.0,42,p,106,0.3406093149544716,-0.10495798935605816,0.004454101358852824,-0.08231960836284236,5,48.02888459854622,-0.14001587301587315,0.3326744595147132,0.0017334011221818537,1.2356616858826577,-0.06088479739005157,-1.3281413140777398e-05
MA230519P00320000,2023-04-07,10:00:00,2023-05-19,2.63,2.51,2.75,320.0,42,p,220,0.3294696504765658,-0.12661659804098502,0.005227799175777648,-0.09125852735226436,3,43.508884598546224,-0.12220312499999997,0.32385475118735446,0.0050749954097001684,1.6590060214676625,-0.1483147967377443,-8.070448719676852e-05
MA230519P00325000,2023-04-07,10:00:00,2023-05-19,3.2,3.1,3.3,325.0,42,p,249,0.3172296586259582,-0.15189124421428613,0.006089463338021517,-0.09995126763452111,54,39.078884598546225,-0.10493846153846165,0.31470495571068136,0.01355821963344462,2.2021261339570826,-0.19553354378498958,-0.0002440289547499272
MA230519P00330000,2023-04-07,10:00:00,2023-05-19,3.9,3.8,4.0,330.0,42,p,356,0.3097422144092037,-0.18179468393999532,0.00703309511518313,-0.10856160723512565,2,34.77888459854622,-0.08819696969696977,0.3059960593102442,0.03317121482119448,2.8907127323964508,-0.3228786977469067,-0.0008535927594704216
MA230519P00335000,2023-04-07,10:00:00,2023-05-19,4.825,4.7,4.95,335.0,42,p,426,0.3019089508456561,-0.21807511293561177,0.008013331580514205,-0.1178661134810568,36,30.70388459854622,-0.07195522388059716,0.29964359688961756,0.07377754214572725,3.7540084097225654,-0.44021579075915507,-0.0022718158735121484
MA230519P00340000,2023-04-07,10:00:00,2023-05-19,5.85,5.75,5.95,340.0,42,p,458,0.2904652560054683,-0.25806112609565446,0.009041629098760495,-0.12461354984653461,7,26.728884598546223,-0.056191176470588244,0.29125536515614503,0.13854839965097807,4.824645328816214,-0.5340169841744131,-0.004586763410637416
MA230519P00345000,2023-04-07,10:00:00,2023-05-19,7.125,7.0,7.25,345.0,42,p,232,0.2854685662368898,-0.3041059067919072,0.010030844386221816,-0.13031992176868545,2,23.00388459854622,-0.040884057971014576,0.2842206631156976,0.21836645575087962,6.1376739328961945,-0.3001016491790458,-0.003661957147506687
MA230519P00350000,2023-04-07,10:00:00,2023-05-19,8.625,8.45,8.8,350.0,42,p,185,0.2738292685389828,-0.3552014386331237,0.010949479332111878,-0.13352217054092463,1,19.50388459854622,-0.026014285714285768,0.2771391424836024,0.2701119636611503,7.728378608525212,-0.2612210078368522,-0.0036120595052380046
MA230519P00355000,2023-04-07,10:00:00,2023-05-19,10.375,10.2,10.55,355.0,42,p,117,0.2654528785853098,-0.4110267926564326,0.011739475613836703,-0.13364559339756354,1,16.25388459854622,-0.011563380281690128,0.27000056784107823,0.22940117146632857,9.62882599632971,-0.17712402143449268,-0.0019400853705086952
MA230519P00360000,2023-04-07,10:00:00,2023-05-19,12.525,12.35,12.7,360.0,42,p,81,0.2589285535413418,-0.4709021218611831,0.012215827336348184,-0.13167877219836122,1,13.403884598546222,0.002486111111111078,0.2653833728446851,0.06061589004571919,11.86365843051165,-0.1276000394359002,-0.00035490396641002145
MA230519P00365000,2023-04-07,10:00:00,2023-05-19,14.8,14.4,15.2,365.0,42,p,655,0.2466819140985306,-0.5336459980257224,0.01259111011009395,-0.1238645079888343,46,10.678884598546222,0.016150684931506842,0.25720797765057407,-0.17327356670934443,14.446153481495681,-1.0635262802832208,0.008203760305731948
MA230519P00370000,2023-04-07,10:00:00,2023-05-19,17.6,17.25,17.95,370.0,42,p,57,0.2402672921211831,-0.5963904264186581,0.01244455912541298,-0.11485006265350606,40,8.478884598546223,0.02944594594594585,0.2534616969639386,-0.3339360059785523,17.37571109191761,-0.09147391675789654,0.0013758701605279908
MA230519P00375000,2023-04-07,10:00:00,2023-05-19,20.875,20.6,21.15,375.0,42,p,62,0.2339882986385936,-0.6550203065888383,0.011837587194918342,-0.10493851464784498,5,6.753884598546222,0.04238666666666657,0.253459379158469,-0.3403369327508534,20.63757074892116,-0.09464502377153028,0.0015252467832199657
MA230519P00380000,2023-04-07,10:00:00,2023-05-19,24.4,24.0,24.8,380.0,42,p,21,0.2269599461518958,-0.7098634304307794,0.011019334884565524,-0.09222691577228304,13,5.27888459854622,0.054986842105263056,0.2529549769514208,-0.2465556941709685,24.20485173994168,-0.029841289136458882,0.0003742602293653419
MA230519P00385000,2023-04-07,10:00:00,2023-05-19,28.424999999999997,27.95,28.9,385.0,42,p,1,0.2233803487063278,-0.7535193395519002,0.009910896565656913,-0.08259631840497406,1,4.303884598546219,0.06725974025974024,0.25898557323715676,-0.14594414593484026,28.04228892189302,-0.001278073552038148,1.0549357913550484e-05
MA230519P00390000,2023-04-07,10:00:00,2023-05-19,32.55,32.1,33.0,390.0,42,p,2,0.2109089555825175,-0.7931076406848092,0.008837784406523497,-0.07077019941239371,1,3.428884598546219,0.07921794871794863,0.26296805807544493,-0.07266206051556158,32.11062230442524,-0.0022793777402002717,1.0504540325405864e-05
MA230526C00360000,2023-04-07,10:00:00,2023-05-26,13.625,13.25,14.0,360.0,49,c,1,0.2691102618030967,0.5320069616208123,0.012128865005678335,-0.15198422250059984,1,12.44961722251378,0.002486111111111078,0.24725850778519087,0.07503951075679283,13.947804656297397,0.0015640947796503447,5.424120656299318e-06
MA230526C00370000,2023-04-07,10:00:00,2023-05-26,8.625,8.25,9.0,370.0,49,c,1,0.2551905527637786,0.4064143746429494,0.012486976785908155,-0.13742096868903353,1,17.44961722251378,0.02944594594594585,0.23434701201038302,-0.3713697427848793,9.45980663384459,0.0016102755859934376,-2.6843915593915067e-05
MA230526C00375000,2023-04-07,10:00:00,2023-05-26,6.725,6.5,6.95,375.0,49,c,1,0.2462158897019392,0.34461111470416306,0.012054162086272413,-0.12696451145157361,2,20.54961722251378,0.04238666666666657,0.230498382917539,-0.41468578134236805,7.677050313150474,0.0015544613600176962,-2.9974951725670022e-05
MA230526C00395000,2023-04-07,10:00:00,2023-05-26,1.96,1.76,2.16,395.0,49,c,1,0.2299537441195433,0.1392641545907236,0.0077454669589194225,-0.06921724822442732,2,35.78461722251378,0.09087341772151891,0.21607323042911838,-0.027580043531154876,3.0991926301157435,0.0009988275432803004,-1.9935828780097623e-06
MA230526P00295000,2023-04-07,10:00:00,2023-05-26,1.27,1.11,1.43,295.0,49,p,1,0.3758719867396412,-0.0581553579288685,0.00240302655329927,-0.05370131397861222,1,67.44538277748622,-0.2173050847457627,0.3650559110628381,0.0001938311012832505,0.4561438969163227,-0.00030988565588098427,-1.4010796041984475e-08
MA230616C00290000,2023-04-07,10:00:00,2023-06-16,72.80000000000001,71.95,73.65,290.0,70,c,29,0.4013904505735309,0.94089614948345,0.0021784647685763048,-0.07291271684556477,1,0.7336602670986849,-0.23829310344827603,0.336213060587445,0.0031243745396867385,72.06127025839858,0.008146882313145434,6.54938371701332e-06
MA230616C00295000,2023-04-07,10:00:00,2023-06-16,68.07499999999999,67.3,68.85,295.0,70,c,104,0.3882780257942913,0.9312897207465198,0.002524822946270433,-0.07731424382100727,8,1.0086602670986622,-0.2173050847457627,0.3268876534617531,0.005638704412418988,67.32835982212735,0.033861576359142685,4.238888724153264e-05
MA230616C00300000,2023-04-07,10:00:00,2023-06-16,63.45,62.65,64.25,300.0,70,c,220,0.3782822943596966,0.9185634390178166,0.0029401816448171303,-0.08303269146052372,1,1.3836602670986764,-0.19701666666666662,0.320253372681721,0.010624218973384437,62.65650909587112,0.08341415352058405,0.0001689503289942534
MA230616C00305000,2023-04-07,10:00:00,2023-06-16,58.974999999999994,58.3,59.65,305.0,70,c,73,0.3652818546038159,0.9016903076844329,0.0034238168922229306,-0.09045967441503677,1,1.9086602670986679,-0.17739344262295087,0.31697859366055237,0.02054187148191293,58.05861130012172,0.032231186605845875,0.0001083932443845559
MA230616C00310000,2023-04-07,10:00:00,2023-06-16,54.275,53.9,54.65,310.0,70,c,126,0.3462905968571841,0.8892936412546959,0.0039048358502213887,-0.09325019744157714,1,2.208660267098672,-0.1584032258064516,0.30323210927091393,0.031806542595590896,53.54914642042368,0.06344775080758124,0.00028968523238947846
MA230616C00315000,2023-04-07,10:00:00,2023-06-16,50.1,49.45,50.75,315.0,70,c,246,0.3422400884130636,0.8645294327649822,0.004491723473165621,-0.10281858421625145,5,3.033660267098675,-0.14001587301587315,0.3041791737997433,0.05924238126957036,49.14408662303019,0.14249217740074213,0.001053433103441613
MA230616C00320000,2023-04-07,10:00:00,2023-06-16,45.675,45.25,46.1,320.0,70,c,247,0.3314686612752792,0.8442153133181307,0.005100048241502009,-0.10735419197448692,5,3.6086602670986707,-0.12220312499999997,0.29455621671004695,0.09130793053319564,44.86071973013959,0.16244791497066088,0.001630214684134538
MA230616C00325000,2023-04-07,10:00:00,2023-06-16,41.475,41.1,41.85,325.0,70,c,200,0.32257211391056,0.818463232374711,0.005752910254841481,-0.11323066888519406,5,4.408660267098675,-0.10493846153846165,0.2883664906206541,0.13887923972923602,40.717378744151084,0.1483749203768346,0.0020077363121088925
MA230616C00330000,2023-04-07,10:00:00,2023-06-16,37.575,37.0,38.15,330.0,70,c,345,0.3140347988265425,0.7867752268172268,0.0063973228492386625,-0.1204544810200332,2,5.508660267098676,-0.08819696969696977,0.28605327142988446,0.2009785113727273,36.73306214683935,0.2846166271373217,0.005011965443072845
MA230616C00335000,2023-04-07,10:00:00,2023-06-16,33.5,33.15,33.85,335.0,70,c,333,0.3021868325422859,0.7564442518170011,0.00712796612845068,-0.12378921332992832,4,6.433660267098674,-0.07195522388059716,0.27681266406368604,0.2651851213273025,32.926927907459806,0.30609255389818324,0.006383115968944177
MA230616C00340000,2023-04-07,10:00:00,2023-06-16,29.700000000000003,29.3,30.1,340.0,70,c,374,0.2961210210669792,0.7206933521818115,0.007837260014298408,-0.12747955090446084,5,7.633660267098676,-0.056191176470588244,0.2702477395406341,0.32482653924382826,29.317649087210523,0.37798865215755756,0.00878137361202244
MA230616C00345000,2023-04-07,10:00:00,2023-06-16,26.200000000000003,25.85,26.55,345.0,70,c,269,0.2885675943552647,0.6801879443925074,0.008471034114165832,-0.1310502515648544,1,9.133660267098676,-0.040884057971014576,0.2659780520790861,0.35510876586717083,25.922635476277726,0.2938540054548399,0.0069048304802234485
MA230616C00350000,2023-04-07,10:00:00,2023-06-16,22.875,22.45,23.3,350.0,70,c,848,0.2802331662862699,0.6368129840138792,0.009054695517818345,-0.13302506501452527,4,10.808660267098674,-0.026014285714285768,0.2612540124612269,0.3339915387088122,22.75715475495036,0.9901764825090846,0.020472489855237593
MA230616C00355000,2023-04-07,10:00:00,2023-06-16,19.575,19.25,19.9,355.0,70,c,1077,0.2725505474415102,0.5911733441676503,0.009665146798454316,-0.1320749934049239,1,12.508660267098673,-0.011563380281690128,0.25345117638041065,0.2504084659414073,19.83342278973578,1.3423540025880067,0.01949413901135699
MA230616C00360000,2023-04-07,10:00:00,2023-06-16,16.525,16.3,16.75,360.0,70,c,543,0.264466889145708,0.5420107605344171,0.010166191835025984,-0.1295452540971027,67,14.458660267098672,0.002486111111111078,0.246132977337445,0.0929761853299932,17.159764671668277,0.7118705625678575,0.0036493112091518522
MA230616C00365000,2023-04-07,10:00:00,2023-06-16,13.875,13.7,14.05,365.0,70,c,756,0.2561683996120319,0.49044007905685305,0.010424605676462306,-0.1261975980768799,1,16.808660267098674,0.016150684931506842,0.24134791302266007,-0.1146776586902849,14.739963032903988,1.0163056403868718,-0.006266715240941951
MA230616C00370000,2023-04-07,10:00:00,2023-06-16,11.425,11.2,11.65,370.0,70,c,884,0.2513185005077973,0.4373064563043094,0.010547002435856712,-0.12050810544691792,5,19.358660267098674,0.02944594594594585,0.23570083655906665,-0.32131576957763863,12.572899004713626,1.2023314725453111,-0.020531640586127664
MA230616C00375000,2023-04-07,10:00:00,2023-06-16,9.2,9.0,9.4,375.0,70,c,699,0.2436678227805138,0.38306238087981725,0.010497715958734943,-0.11259058707828196,9,22.133660267098673,0.04238666666666657,0.22942956374979817,-0.4725082018968179,10.65255324262274,0.946269620645795,-0.0238740376790798
MA230616C00380000,2023-04-07,10:00:00,2023-06-16,7.300000000000001,7.15,7.45,380.0,70,c,1122,0.2363093682246385,0.32967688991125677,0.010194565804866329,-0.10337555018565059,2,25.233660267098674,0.054986842105263056,0.22410054101772584,-0.5227170555588895,8.968378351219544,1.4750423671854818,-0.04239346115860312
MA230616C00385000,2023-04-07,10:00:00,2023-06-16,5.75,5.55,5.95,385.0,70,c,697,0.2352564443396262,0.2795023471118263,0.009632455668651119,-0.09361249375909964,10,28.683660267098674,0.06725974025974024,0.22037780740634377,-0.47197024649229036,7.50599454527661,0.8657902707952895,-0.023778625493760468
MA230616C00390000,2023-04-07,10:00:00,2023-06-16,4.425,4.25,4.6,390.0,70,c,893,0.2275064975623349,0.2319988291727526,0.008903254631320578,-0.0826853058712782,1,32.35866026709867,0.07921794871794863,0.21631617000031497,-0.3600225295750113,6.248112838591031,1.0252815854751889,-0.023239163187470404
MA230616C00395000,2023-04-07,10:00:00,2023-06-16,3.325,3.2,3.45,395.0,70,c,201,0.2238756945114506,0.18819355309820374,0.008026756299628346,-0.07116079385755647,2,36.258660267098676,0.09087341772151891,0.21215692812908776,-0.23314725049166712,5.175565088672111,0.20805542246526845,-0.0033873939172050093
MA230616C00400000,2023-04-07,10:00:00,2023-06-16,2.47,2.34,2.6,400.0,70,c,1256,0.2205948874139836,0.15005709701201297,0.007047012751115744,-0.06013762879741824,1,40.40366026709867,0.10223749999999998,0.20891940747664625,-0.130285474706172,4.2683208566511155,1.14139929736563,-0.011828372334356619
MA230616C00405000,2023-04-07,10:00:00,2023-06-16,1.805,1.68,1.93,405.0,70,c,154,0.2162061456202541,0.11734357106999438,0.006031931982786176,-0.049735011334031576,83,44.73866026709867,0.11332098765432097,0.2060792279044129,-0.06311668808161469,3.506392954246886,0.11978986091806541,-0.0007025937313784157
MA230616C00410000,2023-04-07,10:00:00,2023-06-16,1.325,1.22,1.43,410.0,70,c,1633,0.217681983104614,0.09121207169415779,0.005060009415913669,-0.040859967480397996,9,49.258660267098676,0.12413414634146336,0.2046349223862424,-0.027762276171061293,2.870567842094443,1.0655661453992944,-0.003277031398909804
MA230616C00415000,2023-04-07,10:00:00,2023-06-16,0.95,0.88,1.02,415.0,70,c,40,0.2128890402369943,0.06930899971721027,0.004146213932187948,-0.032705064376708504,1,53.883660267098676,0.1346867469879518,0.20289667288563812,-0.010654520189495852,2.342933837743112,0.021387233062986847,-3.080585278873029e-05
MA230616C00420000,2023-04-07,10:00:00,2023-06-16,0.6799999999999999,0.6,0.76,420.0,70,c,595,0.2125697552988114,0.052240673082176725,0.0033403033994350295,-0.025921362301983275,5,58.61366026709867,0.1449880952380952,0.2018628697516864,-0.0037540126953337686,1.90721150821698,0.2562983353100151,-0.00016145520501999376
MA230616C00425000,2023-04-07,10:00:00,2023-06-16,0.52,0.45,0.59,425.0,70,c,5,0.2169735022210716,0.04105435876430863,0.002726215170278934,-0.02144622264016488,1,63.45366026709868,0.15504705882352932,0.20383485056828032,-0.001470363815021357,1.5489122920133362,0.0017578144838946445,-5.314154277458725e-07
MA230616C00430000,2023-04-07,10:00:00,2023-06-16,0.385,0.32,0.45,430.0,70,c,741,0.2149725193230887,0.03143391444111743,0.002181144735380336,-0.017215350823642173,3,68.31866026709868,0.16487209302325578,0.2047293480727782,-0.0005079879322512554,1.2553624669376897,0.20842297821525213,-2.720889790240285e-05
MA230616P00290000,2023-04-07,10:00:00,2023-06-16,1.74,1.67,1.81,290.0,70,p,229,0.3575035829483724,-0.06657704238606232,0.0023060568121735514,-0.04782439231912994,3,73.80633973290132,-0.23829310344827603,0.3536486238454975,0.004910986552831176,0.6627546036349536,-0.0681002002360726,-8.129120757584802e-05
MA230616P00295000,2023-04-07,10:00:00,2023-06-16,2.04,1.96,2.12,295.0,70,p,1179,0.3478187019380183,-0.07767470951163258,0.002655587949540461,-0.0524443249971942,13,69.10633973290133,-0.2173050847457627,0.34563049829091996,0.008716956241649717,0.8835101867138887,-0.4037545211375766,-0.0007428788921948425
MA230616P00300000,2023-04-07,10:00:00,2023-06-16,2.4000000000000004,2.33,2.47,300.0,70,p,1713,0.3409434270635607,-0.09069010409696876,0.00304972173292839,-0.05742759962085664,8,64.46633973290133,-0.19701666666666662,0.3380821252165321,0.015214305377936329,1.1653254798078414,-0.6736905907749717,-0.0018838609322095418
MA230616P00305000,2023-04-07,10:00:00,2023-06-16,2.815,2.73,2.9,305.0,70,p,328,0.3363493532474397,-0.10553706148257458,0.003486978248368189,-0.06247433000790137,5,59.881339732901324,-0.17739344262295087,0.33043183279708843,0.02573080216549495,1.5210937034086205,-0.14749115823874265,-0.0006100515250144019
MA230616P00310000,2023-04-07,10:00:00,2023-06-16,3.3,3.2,3.4,310.0,70,p,773,0.3250444926431327,-0.1225759140435434,0.00396971949978564,-0.0676129594010142,9,55.366339732901324,-0.1584032258064516,0.3229111724953518,0.042222254460569965,1.9652948430607595,-0.3957147318430754,-0.0023591755597171136
MA230616P00315000,2023-04-07,10:00:00,2023-06-16,3.9,3.8,4.0,315.0,70,p,900,0.3161935298288943,-0.14268450005008315,0.0044973487467458995,-0.0731998669025482,1,50.966339732901325,-0.14001587301587315,0.3164759234215844,0.06757578673282848,2.513901065017423,-0.5219657176811809,-0.004396154709537853
MA230616P00320000,2023-04-07,10:00:00,2023-06-16,4.550000000000001,4.45,4.65,320.0,70,p,808,0.3089021226290605,-0.16463805618673888,0.005065767609835348,-0.07806886033667837,6,46.616339732901324,-0.12220312499999997,0.30889399646994803,0.10248578081716288,3.1842001914769735,-0.5278366327898535,-0.005985691403923087
MA230616P00325000,2023-04-07,10:00:00,2023-06-16,5.325,5.2,5.45,325.0,70,p,371,0.3047541633155206,-0.18981709794538837,0.005670303151461553,-0.08289749861703388,1,42.39133973290133,-0.10493846153846165,0.30191731642302294,0.14906569952405677,3.9945252248386613,-0.2712833201264162,-0.003997523079378724
MA230616P00330000,2023-04-07,10:00:00,2023-06-16,6.225,6.1,6.35,330.0,70,p,1060,0.2936993533676318,-0.21813853631185154,0.006302262161028693,-0.08731201133378885,33,38.29133973290133,-0.08819696969696977,0.2951136054398333,0.2053777155292187,4.963874646877091,-0.8614800693984372,-0.015736151632457753
MA230616P00335000,2023-04-07,10:00:00,2023-06-16,7.275,7.1,7.45,335.0,70,p,871,0.2853924865385236,-0.249859488218096,0.006946679302899383,-0.09119395960307752,5,34.341339732901325,-0.07195522388059716,0.2886503777175734,0.2652099499960544,6.111406426847723,-0.7802581416817583,-0.016697340991664898
MA230616P00340000,2023-04-07,10:00:00,2023-06-16,8.5,8.35,8.65,340.0,70,p,493,0.2806357186189859,-0.28509104395988416,0.0075824862655338165,-0.09437309094010793,63,30.566339732901326,-0.056191176470588244,0.28263518505937524,0.315897691290394,7.455793625948604,-0.4820603988349937,-0.011257260574264053
MA230616P00345000,2023-04-07,10:00:00,2023-06-16,9.85,9.65,10.05,345.0,70,p,813,0.2725467004251653,-0.3231989702277893,0.008216139075756246,-0.09607568070657635,3,26.916339732901328,-0.040884057971014576,0.27582890923558884,0.3406452737806812,9.014446034365989,-0.8613927888562115,-0.02001853358977877
MA230616P00350000,2023-04-07,10:00:00,2023-06-16,11.5,11.25,11.75,350.0,70,p,1094,0.2645213358788157,-0.3652564106212175,0.008754402838206943,-0.09729983226156591,4,23.566339732901326,-0.026014285714285768,0.2710094368203021,0.3156391818567989,10.802631332388778,-1.2350562937532048,-0.024960172287164552
MA230616P00355000,2023-04-07,10:00:00,2023-06-16,13.275,13.1,13.45,355.0,70,p,547,0.258549108652958,-0.40970109180920034,0.009259812419060154,-0.09639476665508795,4,20.341339732901325,-0.011563380281690128,0.26485442521562247,0.23145549769975954,12.83256538652437,-0.6531793097995424,-0.009151539845928314
MA230616P00360000,2023-04-07,10:00:00,2023-06-16,15.35,15.1,15.6,360.0,70,p,712,0.2521571224228147,-0.45679506778251167,0.009622466325964751,-0.09435602277210542,16,17.416339732901328,0.002486111111111078,0.2600340964187477,0.08433797708454213,15.112573287807047,-0.8835055819830364,-0.0043405275915158765
MA230616P00365000,2023-04-07,10:00:00,2023-06-16,17.674999999999997,17.45,17.9,365.0,70,p,441,0.243769030010037,-0.5055444723497615,0.009848164488346356,-0.09064304150219371,16,14.741339732901324,0.016150684931506842,0.25551018144359805,-0.10127290796091451,17.646437668392913,-0.5600628774616363,0.0032282801647604753
MA230616P00370000,2023-04-07,10:00:00,2023-06-16,20.15,19.8,20.5,370.0,70,p,842,0.2372936355418942,-0.5558284991531437,0.009983080992981286,-0.08444303904156314,12,12.216339732901325,0.02944594594594585,0.2495596949908189,-0.28879417343115893,20.433039659552723,-1.0839758090285898,0.017576802226768256
MA230616P00375000,2023-04-07,10:00:00,2023-06-16,23.075,22.75,23.4,375.0,70,p,759,0.2293939217842184,-0.6049486431162876,0.009832380882812686,-0.07803875823847051,7,10.141339732901326,0.04238666666666657,0.246928112589402,-0.4239195566632449,23.466359916812014,-0.9623728751852931,0.023257582808626446
MA230616P00380000,2023-04-07,10:00:00,2023-06-16,26.25,25.85,26.65,380.0,70,p,191,0.2225143893363513,-0.6526442262359211,0.009521071788753943,-0.0702484171823059,11,8.316339732901326,0.054986842105263056,0.2445395893312201,-0.48277495014628324,26.735851044758984,-0.23451040198966822,0.006665265333253773
MA230616P00385000,2023-04-07,10:00:00,2023-06-16,29.950000000000003,29.35,30.55,385.0,70,p,423,0.2210110395711033,-0.693518832886042,0.008934912116842497,-0.06415899098817945,1,7.016339732901329,0.06725974025974024,0.24756071405729513,-0.46103247921228435,30.227133258166216,-0.48738656855651064,0.014096498099141796
MA230616P00390000,2023-04-07,10:00:00,2023-06-16,33.9,33.3,34.5,390.0,70,p,287,0.2164880416801436,-0.7293227192960217,0.008274254383877633,-0.05819873199451564,3,5.966339732901325,0.07921794871794863,0.25202205251917786,-0.3981804299171992,33.922917570830805,-0.3062341850884241,0.00826040147610199
MA230616P00395000,2023-04-07,10:00:00,2023-06-16,38.05,37.3,38.8,395.0,70,p,2,0.2141816797828359,-0.7601782807785895,0.007594642212893632,-0.052516880080588635,1,5.116339732901324,0.09087341772151891,0.2576186078661168,-0.32196353744582107,37.80403584026206,-0.0019587554536946096,4.6545321429270904e-05
MA230616P00400000,2023-04-07,10:00:00,2023-06-16,42.425,41.7,43.15,400.0,70,p,55,0.206237492309254,-0.78504856518542,0.0069236394750760155,-0.048076086083881364,1,4.491339732901324,0.10223749999999998,0.26556079644668673,-0.25207649731453025,41.85045762759124,-0.04910661957852327,0.0010021538350183782
MA230616P00420000,2023-04-07,10:00:00,2023-06-16,62.025000000000006,61.2,62.85,420.0,70,p,0,0.238380149822541,-0.8246904690096812,0.004870389886946214,-0.05300246922985963,8,4.091339732901332,0.1449880952380952,0.3331510588970986,-0.12538508271228158,59.30401235655778,-0.0,0.0
